execucao_id,data_entrega,loja,hora_recebimento,demanda_volume,demanda_peso,tipo_entrega,jornada,placa,tipologia,volume_entregue,peso_entregue,capacidade_volume,capacidade_peso,valorFrete,hora_saida
1,2022-01-27,5420,07:00,5.7,1240.9,G,1,AMV3D64,3/4,11.83,2582.3,20.0,4000.0,1073.68,05:57
1,2022-01-27,L685,12:00,6.13,1341.4,G,1,AMV3D64,3/4,11.83,2582.3,20.0,4000.0,1073.68,05:57
1,2022-01-27,0_CDRJ,15:57,0.0,0.0,G,1,AMV3D64,3/4,11.83,2582.3,20.0,4000.0,1073.68,05:57
1,2022-01-28,9141,00:09,1.0,383.5,G,2,AMV3D64,3/4,14.22,3578.8,20.0,4000.0,548.6495,20:02
1,2022-01-28,0_CDRJ,03:60,0.0,0.0,G,2,AMV3D64,3/4,14.22,3578.8,20.0,4000.0,548.6495,20:02
1,2022-01-27,1073,20:59,13.22,3195.3,G,2,AMV3D64,3/4,14.22,3578.8,20.0,4000.0,548.6495,20:02
1,2022-01-27,L463,07:00,10.56,2022.4,G,1,AQE8920,3/4,14.72,3694.9,36.0,4200.0,710.86,05:41
1,2022-01-27,1266,11:01,4.16,1672.5,G,1,AQE8920,3/4,14.72,3694.9,36.0,4200.0,710.86,05:41
1,2022-01-27,0_CDRJ,14:55,0.0,0.0,G,1,AQE8920,3/4,14.72,3694.9,36.0,4200.0,710.86,05:41
1,2022-01-27,L077,10:00,9.09,2446.8,G,1,AUC8J23,3/4,20.72,4746.5,36.0,5000.0,645.47,08:49
1,2022-01-27,L777,14:00,11.63,2299.7,G,1,AUC8J23,3/4,20.72,4746.5,36.0,5000.0,645.47,08:49
1,2022-01-27,0_CDRJ,17:32,0.0,0.0,G,1,AUC8J23,3/4,20.72,4746.5,36.0,5000.0,645.47,08:49
1,2022-01-28,1175,00:09,13.71,3196.3,G,2,AUC8J23,3/4,21.01,4531.9,36.0,5000.0,528.7595,20:09
1,2022-01-28,0_CDRJ,04:03,0.0,0.0,G,2,AUC8J23,3/4,21.01,4531.9,36.0,5000.0,528.7595,20:09
1,2022-01-27,L536,21:04,7.3,1335.6,G,2,AUC8J23,3/4,21.01,4531.9,36.0,5000.0,528.7595,20:09
1,2022-01-27,9119,09:00,2.74,1120.4,G,1,AUM4I16,3/4,16.96,4249.1,36.0,5000.0,622.07,07:53
1,2022-01-27,L131,14:00,14.22,3128.7,G,1,AUM4I16,3/4,16.96,4249.1,36.0,5000.0,622.07,07:53
1,2022-01-27,0_CDRJ,17:51,0.0,0.0,G,1,AUM4I16,3/4,16.96,4249.1,36.0,5000.0,622.07,07:53
1,2022-01-28,L509,00:09,13.8,2776.4,G,2,AUM4I16,3/4,13.8,2776.4,36.0,5000.0,548.6495,22:55
1,2022-01-28,0_CDRJ,04:34,0.0,0.0,G,2,AUM4I16,3/4,13.8,2776.4,36.0,5000.0,548.6495,22:55
1,2022-01-27,L096,09:00,17.12,2878.9,G,1,AUM6B20,3/4,21.900000000000002,4218.0,36.0,5000.0,1522.93,08:04
1,2022-01-27,5009,12:38,4.78,1339.1,G,1,AUM6B20,3/4,21.900000000000002,4218.0,36.0,5000.0,1522.93,08:04
1,2022-01-27,0_CDRJ,16:26,0.0,0.0,G,1,AUM6B20,3/4,21.900000000000002,4218.0,36.0,5000.0,1522.93,08:04
1,2022-01-28,L594,00:09,16.33,3011.8,G,2,AUM6B20,3/4,19.959999999999997,4091.9,36.0,5000.0,1025.831,20:04
1,2022-01-28,0_CDRJ,04:04,0.0,0.0,G,2,AUM6B20,3/4,19.959999999999997,4091.9,36.0,5000.0,1025.831,20:04
1,2022-01-27,L713,20:31,3.63,1080.1,G,2,AUM6B20,3/4,19.959999999999997,4091.9,36.0,5000.0,1025.831,20:04
1,2022-01-27,5275,09:00,14.56,2371.5,G,1,AUO8G98,3/4,23.35,4550.8,36.0,5000.0,750.46,08:04
1,2022-01-27,1240,12:58,8.79,2179.3,G,1,AUO8G98,3/4,23.35,4550.8,36.0,5000.0,750.46,08:04
1,2022-01-27,0_CDRJ,16:58,0.0,0.0,G,1,AUO8G98,3/4,23.35,4550.8,36.0,5000.0,750.46,08:04
1,2022-01-28,9283,00:09,2.06,654.0,G,2,AUO8G98,3/4,12.450000000000001,3573.7,36.0,5000.0,538.9595,20:03
1,2022-01-28,0_CDRJ,04:01,0.0,0.0,G,2,AUO8G98,3/4,12.450000000000001,3573.7,36.0,5000.0,538.9595,20:03
1,2022-01-27,L900,20:59,10.39,2919.7,G,2,AUO8G98,3/4,12.450000000000001,3573.7,36.0,5000.0,538.9595,20:03
1,2022-01-27,L359,08:00,12.87,2514.1,G,1,CFZ0B84,3/4,27.22,5142.2,36.0,6800.0,1527.93,06:55
1,2022-01-27,L767,11:30,14.35,2628.1,G,1,CFZ0B84,3/4,27.22,5142.2,36.0,6800.0,1527.93,06:55
1,2022-01-27,0_CDRJ,15:14,0.0,0.0,G,1,CFZ0B84,3/4,27.22,5142.2,36.0,6800.0,1527.93,06:55
1,2022-01-28,9035,00:09,1.17,540.7,G,2,CFZ0B84,3/4,1.17,540.7,36.0,6800.0,528.7595,22:25
1,2022-01-28,0_CDRJ,04:59,0.0,0.0,G,2,CFZ0B84,3/4,1.17,540.7,36.0,6800.0,528.7595,22:25
1,2022-01-27,L774,12:00,11.82,2398.7,R,1,CUD6H30,3/4,11.82,2398.7,26.0,3000.0,602.99,11:19
1,2022-01-27,0_CDRJ,13:10,0.0,0.0,G,1,CUD6H30,3/4,11.82,2398.7,26.0,3000.0,602.99,11:19
1,2022-01-27,L650,16:09,7.99,1720.4,R,2,CUD6H30,3/4,7.99,1720.4,26.0,3000.0,528.7595,14:55
1,2022-01-27,0_CDRJ,18:01,0.0,0.0,G,2,CUD6H30,3/4,7.99,1720.4,26.0,3000.0,528.7595,14:55
1,2022-01-27,9099,09:00,2.38,1084.8,G,1,DNK9877,TOCO,28.509999999999998,5533.0,46.0,6000.0,691.87,08:05
1,2022-01-27,L135,12:44,26.13,4448.2,G,1,DNK9877,TOCO,28.509999999999998,5533.0,46.0,6000.0,691.87,08:05
1,2022-01-27,0_CDRJ,16:49,0.0,0.0,G,1,DNK9877,TOCO,28.509999999999998,5533.0,46.0,6000.0,691.87,08:05
1,2022-01-27,1451,07:00,11.53,3976.0,R,1,DQW2H03,3/4,11.53,3976.0,25.0,4200.0,645.47,06:09
1,2022-01-27,0_CDRJ,08:18,0.0,0.0,G,1,DQW2H03,3/4,11.53,3976.0,25.0,4200.0,645.47,06:09
1,2022-01-27,L529,21:09,10.15,2584.7,R,2,DQW2H03,3/4,10.15,2584.7,25.0,4200.0,528.7595,20:14
1,2022-01-27,0_CDRJ,22:24,0.0,0.0,G,2,DQW2H03,3/4,10.15,2584.7,25.0,4200.0,528.7595,20:14
1,2022-01-27,L057,06:30,10.01,2118.8,G,1,EJX7489,TRUCK,48.8,8961.7,63.0,13000.0,757.32,04:59
1,2022-01-27,L095,10:45,38.79,6842.9,G,1,EJX7489,TRUCK,48.8,8961.7,63.0,13000.0,757.32,04:59
1,2022-01-27,0_CDRJ,14:25,0.0,0.0,G,1,EJX7489,TRUCK,48.8,8961.7,63.0,13000.0,757.32,04:59
1,2022-01-28,0_CDRJ,01:49,0.0,0.0,G,2,EJX7489,TRUCK,50.33,6987.9,63.0,13000.0,687.4970000000001,19:37
1,2022-01-27,L067,21:09,50.33,6987.9,G,2,EJX7489,TRUCK,50.33,6987.9,63.0,13000.0,687.4970000000001,19:37
1,2022-01-27,L318,08:00,30.79,4913.8,G,1,ELW7C61,TOCO,39.989999999999995,6980.9,55.0,7000.0,1685.05,06:22
1,2022-01-27,L662,12:37,9.2,2067.1,G,1,ELW7C61,TOCO,39.989999999999995,6980.9,55.0,7000.0,1685.05,06:22
1,2022-01-27,0_CDRJ,15:55,0.0,0.0,G,1,ELW7C61,TOCO,39.989999999999995,6980.9,55.0,7000.0,1685.05,06:22
1,2022-01-28,9501,00:09,2.22,537.9,G,2,ELW7C61,TOCO,3.6500000000000004,953.5999999999999,55.0,7000.0,607.9794999999999,20:03
1,2022-01-28,0_CDRJ,04:00,0.0,0.0,G,2,ELW7C61,TOCO,3.6500000000000004,953.5999999999999,55.0,7000.0,607.9794999999999,20:03
1,2022-01-27,9314,20:55,1.43,415.7,G,2,ELW7C61,TOCO,3.6500000000000004,953.5999999999999,55.0,7000.0,607.9794999999999,20:03
1,2022-01-27,1021,08:29,11.34,2389.8,G,1,EMU9C26,TOCO,26.4,5623.6,42.0,7000.0,703.87,07:33
1,2022-01-27,L526,13:00,15.06,3233.8,G,1,EMU9C26,TOCO,26.4,5623.6,42.0,7000.0,703.87,07:33
1,2022-01-27,0_CDRJ,17:33,0.0,0.0,G,1,EMU9C26,TOCO,26.4,5623.6,42.0,7000.0,703.87,07:33
1,2022-01-28,1000,00:09,24.57,4512.5,G,2,EMU9C26,TOCO,30.08,5901.1,42.0,7000.0,1593.5375,20:18
1,2022-01-28,0_CDRJ,03:49,0.0,0.0,G,2,EMU9C26,TOCO,30.08,5901.1,42.0,7000.0,1593.5375,20:18
1,2022-01-27,1444,20:35,5.51,1388.6,G,2,EMU9C26,TOCO,30.08,5901.1,42.0,7000.0,1593.5375,20:18
1,2022-01-27,L019,06:00,38.71,6998.9,G,1,EQU3D67,TRUCK,38.71,6998.9,72.0,13040.0,757.32,02:51
1,2022-01-27,0_CDRJ,12:14,0.0,0.0,G,1,EQU3D67,TRUCK,38.71,6998.9,72.0,13040.0,757.32,02:51
1,2022-01-27,L003,19:09,50.52,7587.9,G,2,EQU3D67,TRUCK,50.52,7587.9,72.0,13040.0,659.022,17:35
1,2022-01-27,0_CDRJ,23:39,0.0,0.0,G,2,EQU3D67,TRUCK,50.52,7587.9,72.0,13040.0,659.022,17:35
1,2022-01-27,L709,06:00,13.18,2194.0,R,1,KOZ7790,3/4,13.18,2194.0,31.0,3016.0,622.07,05:03
1,2022-01-27,0_CDRJ,07:23,0.0,0.0,G,1,KOZ7790,3/4,13.18,2194.0,31.0,3016.0,622.07,05:03
1,2022-01-27,L523,16:09,7.29,1401.2,R,2,KOZ7790,3/4,7.29,1401.2,31.0,3016.0,528.7595,15:13
1,2022-01-27,0_CDRJ,17:32,0.0,0.0,G,2,KOZ7790,3/4,7.29,1401.2,31.0,3016.0,528.7595,15:13
1,2022-01-27,L858,08:00,12.74,2906.7,R,1,KQY9F44,3/4,12.74,2906.7,31.0,3000.0,645.47,07:08
1,2022-01-27,0_CDRJ,09:19,0.0,0.0,G,1,KQY9F44,3/4,12.74,2906.7,31.0,3000.0,645.47,07:08
1,2022-01-27,L602,12:09,3.489150594993845,899.1999999999998,R,2,KQY9F44,3/4,12.749150594993845,2885.5,31.0,3000.0,959.0379999999999,11:16
1,2022-01-27,1108,13:27,9.26,1986.3,R,2,KQY9F44,3/4,12.749150594993845,2885.5,31.0,3000.0,959.0379999999999,11:16
1,2022-01-27,0_CDRJ,14:56,0.0,0.0,G,2,KQY9F44,3/4,12.749150594993845,2885.5,31.0,3000.0,959.0379999999999,11:16
1,2022-01-27,1033,06:30,7.97,2400.1,G,1,KVU8007,3/4,7.97,2400.1,28.0,3000.0,645.47,04:15
1,2022-01-27,0_CDRJ,11:43,0.0,0.0,G,1,KVU8007,3/4,7.97,2400.1,28.0,3000.0,645.47,04:15
1,2022-01-27,L090,07:00,12.51,2530.7,G,1,KYC7660,3/4,12.51,2530.7,28.0,5993.0,622.07,03:55
1,2022-01-27,0_CDRJ,13:00,0.0,0.0,G,1,KYC7660,3/4,12.51,2530.7,28.0,5993.0,622.07,03:55
1,2022-01-27,L540,17:00,17.56,3023.7,G,1,LIM7G89,3/4,17.56,3023.7,26.0,3500.0,622.07,14:03
1,2022-01-27,0_CDRJ,22:50,0.0,0.0,G,1,LIM7G89,3/4,17.56,3023.7,26.0,3500.0,622.07,14:03
1,2022-01-27,5223,08:00,12.5,2369.1,R,1,LLT4010,3/4,12.5,2369.1,31.0,3000.0,555.98,06:27
1,2022-01-27,0_CDRJ,10:18,0.0,0.0,G,1,LLT4010,3/4,12.5,2369.1,31.0,3000.0,555.98,06:27
1,2022-01-27,L602,12:09,11.640849405006156,3000.0,R,2,LLT4010,3/4,11.640849405006156,3000.0,31.0,3000.0,959.0379999999999,11:16
1,2022-01-27,0_CDRJ,13:29,0.0,0.0,G,2,LLT4010,3/4,11.640849405006156,3000.0,31.0,3000.0,959.0379999999999,11:16
1,2022-01-27,L175,14:05,0.0,0.0,G,1,LLT9B49,3/4,10.52,2115.3,26.0,5000.0,622.07,12:60
1,2022-01-27,L560,19:00,10.52,2115.3,G,1,LLT9B49,3/4,10.52,2115.3,26.0,5000.0,622.07,12:60
1,2022-01-27,0_CDRJ,22:59,0.0,0.0,G,1,LLT9B49,3/4,10.52,2115.3,26.0,5000.0,622.07,12:60
1,2022-01-27,5022,11:00,12.19,2614.6,R,1,LMB7991,3/4,12.19,2614.6,30.0,4000.0,602.99,10:05
1,2022-01-27,0_CDRJ,12:23,0.0,0.0,G,1,LMB7991,3/4,12.19,2614.6,30.0,4000.0,602.99,10:05
1,2022-01-27,L886,15:09,13.5,3181.0,R,2,LMB7991,3/4,13.5,3181.0,30.0,4000.0,528.7595,14:19
1,2022-01-27,0_CDRJ,16:25,0.0,0.0,G,2,LMB7991,3/4,13.5,3181.0,30.0,4000.0,528.7595,14:19
1,2022-01-27,L121,11:00,12.97,3214.2,G,1,LMS1D98,3/4,12.97,3214.2,30.0,5900.0,622.07,07:53
1,2022-01-27,0_CDRJ,17:01,0.0,0.0,G,1,LMS1D98,3/4,12.97,3214.2,30.0,5900.0,622.07,07:53
1,2022-01-27,L449,13:30,11.07,3009.0,R,1,LMS1E40,3/4,11.07,3009.0,30.0,5900.0,555.98,12:31
1,2022-01-27,0_CDRJ,14:53,0.0,0.0,G,1,LMS1E40,3/4,11.07,3009.0,30.0,5900.0,555.98,12:31
1,2022-01-27,L977,19:39,11.64,2595.6,R,2,LMS1E40,3/4,11.64,2595.6,30.0,5900.0,528.7595,18:26
1,2022-01-27,0_CDRJ,21:30,0.0,0.0,G,2,LMS1E40,3/4,11.64,2595.6,30.0,5900.0,528.7595,18:26
1,2022-01-27,L653,06:30,23.5,4222.1,R,1,LMS1G70,TRUCK,23.5,4222.1,51.0,17000.0,1825.56,05:18
1,2022-01-27,0_CDRJ,08:14,0.0,0.0,G,1,LMS1G70,TRUCK,23.5,4222.1,51.0,17000.0,1825.56,05:18
1,2022-01-27,L020,11:09,14.69,4768.3,R,2,LMS1G70,TRUCK,14.69,4768.3,51.0,17000.0,643.722,10:15
1,2022-01-27,0_CDRJ,12:36,0.0,0.0,G,2,LMS1G70,TRUCK,14.69,4768.3,51.0,17000.0,643.722,10:15
1,2022-01-27,L502,07:00,22.57,3713.7,G,1,LMS2D36,3/4,24.75,4587.0,33.0,5900.0,622.07,06:33
1,2022-01-27,9146,10:44,2.18,873.3,G,1,LMS2D36,3/4,24.75,4587.0,33.0,5900.0,622.07,06:33
1,2022-01-27,0_CDRJ,14:33,0.0,0.0,G,1,LMS2D36,3/4,24.75,4587.0,33.0,5900.0,622.07,06:33
1,2022-01-28,0_CDRJ,02:03,0.0,0.0,G,2,LMS2D36,3/4,23.86,5552.7,33.0,5900.0,548.6495,18:22
1,2022-01-27,9139,19:09,2.18,1202.3,G,2,LMS2D36,3/4,23.86,5552.7,33.0,5900.0,548.6495,18:22
1,2022-01-27,L100,22:36,21.68,4350.4,G,2,LMS2D36,3/4,23.86,5552.7,33.0,5900.0,548.6495,18:22
1,2022-01-27,L570,06:30,13.77,2275.9,G,1,LMY0F46,3/4,24.740000000000002,4517.4,33.0,5900.0,698.86,05:13
1,2022-01-27,L012,10:20,10.97,2241.5,G,1,LMY0F46,3/4,24.740000000000002,4517.4,33.0,5900.0,698.86,05:13
1,2022-01-27,0_CDRJ,14:42,0.0,0.0,G,1,LMY0F46,3/4,24.740000000000002,4517.4,33.0,5900.0,698.86,05:13
1,2022-01-28,5208,00:09,4.83,1120.6,G,2,LMY0F46,3/4,6.66,1772.3999999999999,33.0,5900.0,621.231,20:04
1,2022-01-28,0_CDRJ,03:60,0.0,0.0,G,2,LMY0F46,3/4,6.66,1772.3999999999999,33.0,5900.0,621.231,20:04
1,2022-01-27,9326,20:58,1.83,651.8,G,2,LMY0F46,3/4,6.66,1772.3999999999999,33.0,5900.0,621.231,20:04
1,2022-01-27,L010,07:00,12.57,3672.9,R,1,LOR2761,TOCO,18.76,5316.8,40.0,7000.0,691.87,06:24
1,2022-01-27,L759,12:00,6.19,1643.9,R,1,LOR2761,TOCO,18.76,5316.8,40.0,7000.0,691.87,06:24
1,2022-01-27,0_CDRJ,13:18,0.0,0.0,G,1,LOR2761,TOCO,18.76,5316.8,40.0,7000.0,691.87,06:24
1,2022-01-27,1012,15:09,15.68,4604.7,R,2,LOR2761,TOCO,15.68,4604.7,40.0,7000.0,679.133,14:13
1,2022-01-27,0_CDRJ,16:32,0.0,0.0,G,2,LOR2761,TOCO,15.68,4604.7,40.0,7000.0,679.133,14:13
1,2022-01-27,1082,11:00,11.29,2222.6,R,1,LPL0F17,3/4,11.29,2222.6,24.0,3500.0,555.98,10:09
1,2022-01-27,0_CDRJ,12:19,0.0,0.0,G,1,LPL0F17,3/4,11.29,2222.6,24.0,3500.0,555.98,10:09
1,2022-01-28,0_CDRJ,00:03,0.0,0.0,G,2,LPL0F17,3/4,10.29,3318.3,24.0,3500.0,538.9595,21:39
1,2022-01-27,L508,22:39,10.29,3318.3,R,2,LPL0F17,3/4,10.29,3318.3,24.0,3500.0,538.9595,21:39
1,2022-01-27,L025,12:00,6.34,2017.0,G,1,LRC7706,3/4,18.65,4986.8,30.0,5000.0,622.07,11:25
1,2022-01-27,L005,15:31,12.31,2969.8,G,1,LRC7706,3/4,18.65,4986.8,30.0,5000.0,622.07,11:25
1,2022-01-27,0_CDRJ,19:22,0.0,0.0,G,1,LRC7706,3/4,18.65,4986.8,30.0,5000.0,622.07,11:25
1,2022-01-28,L157,00:09,7.67,2399.8,G,2,LRC7706,3/4,7.67,2399.8,30.0,5000.0,512.5415,21:57
1,2022-01-28,0_CDRJ,05:12,0.0,0.0,G,2,LRC7706,3/4,7.67,2399.8,30.0,5000.0,512.5415,21:57
1,2022-01-27,L281,07:00,21.18,5568.2,R,1,LTO6E95,TRUCK,23.52,6422.599999999999,57.0,16730.0,1448.47,04:12
1,2022-01-27,9968,09:49,2.34,854.4,R,1,LTO6E95,TRUCK,23.52,6422.599999999999,57.0,16730.0,1448.47,04:12
1,2022-01-27,0_CDRJ,11:25,0.0,0.0,G,1,LTO6E95,TRUCK,23.52,6422.599999999999,57.0,16730.0,1448.47,04:12
1,2022-01-27,L164,20:04,11.45,4246.6,R,2,LTO6E95,TRUCK,25.869999999999997,7514.400000000001,57.0,16730.0,643.722,19:32
1,2022-01-27,L022,20:39,14.42,3267.8,R,2,LTO6E95,TRUCK,25.869999999999997,7514.400000000001,57.0,16730.0,643.722,19:32
1,2022-01-27,0_CDRJ,21:38,0.0,0.0,G,2,LTO6E95,TRUCK,25.869999999999997,7514.400000000001,57.0,16730.0,643.722,19:32
1,2022-01-27,L227,10:00,10.14,3465.7,G,1,LVD7894,TOCO,16.25,5504.1,37.0,7200.0,669.14,09:08
1,2022-01-27,1062,13:32,6.11,2038.4,G,1,LVD7894,TOCO,16.25,5504.1,37.0,7200.0,669.14,09:08
1,2022-01-27,0_CDRJ,17:13,0.0,0.0,G,1,LVD7894,TOCO,16.25,5504.1,37.0,7200.0,669.14,09:08
1,2022-01-28,L032,00:09,23.4,6217.3,G,2,LVD7894,TOCO,24.33,6614.0,37.0,7200.0,588.0895,19:58
1,2022-01-28,0_CDRJ,03:58,0.0,0.0,G,2,LVD7894,TOCO,24.33,6614.0,37.0,7200.0,588.0895,19:58
1,2022-01-27,9246,20:48,0.93,396.7,G,2,LVD7894,TOCO,24.33,6614.0,37.0,7200.0,588.0895,19:58
1,2022-01-27,5270,07:00,11.3,2139.0,R,1,NTM2735,TOCO,21.67,4502.4,55.0,6000.0,798.98,06:08
1,2022-01-27,L663,10:06,10.37,2363.4,R,1,NTM2735,TOCO,21.67,4502.4,55.0,6000.0,798.98,06:08
1,2022-01-27,0_CDRJ,13:35,0.0,0.0,G,1,NTM2735,TOCO,21.67,4502.4,55.0,6000.0,798.98,06:08
1,2022-01-27,L839,18:56,10.16,1702.3,R,2,NTM2735,TOCO,21.46,4053.1000000000004,55.0,6000.0,588.0895,18:02
1,2022-01-27,L503,20:09,11.3,2350.8,R,2,NTM2735,TOCO,21.46,4053.1000000000004,55.0,6000.0,588.0895,18:02
1,2022-01-27,0_CDRJ,21:29,0.0,0.0,G,2,NTM2735,TOCO,21.46,4053.1000000000004,55.0,6000.0,588.0895,18:02
1,2022-01-28,0_CDRJ,01:02,0.0,0.0,G,1,NTN3E52,3/4,12.73,4804.9,36.0,5000.0,602.99,15:49
1,2022-01-27,L069,19:00,12.73,4804.9,G,1,NTN3E52,3/4,12.73,4804.9,36.0,5000.0,602.99,15:49
1,2022-01-27,L583,10:00,14.57,3063.4,G,1,NTP7A42,3/4,17.560000000000002,4200.4,36.0,5000.0,634.07,08:40
1,2022-01-27,9982,13:29,2.99,1137.0,G,1,NTP7A42,3/4,17.560000000000002,4200.4,36.0,5000.0,634.07,08:40
1,2022-01-27,0_CDRJ,17:21,0.0,0.0,G,1,NTP7A42,3/4,17.560000000000002,4200.4,36.0,5000.0,634.07,08:40
1,2022-01-28,L230,00:09,10.05,1824.9,G,2,NTP7A42,3/4,20.3,3668.9,36.0,5000.0,929.2879999999999,20:09
1,2022-01-28,0_CDRJ,04:01,0.0,0.0,G,2,NTP7A42,3/4,20.3,3668.9,36.0,5000.0,929.2879999999999,20:09
1,2022-01-27,L606,20:40,10.25,1844.0,G,2,NTP7A42,3/4,20.3,3668.9,36.0,5000.0,929.2879999999999,20:09
1,2022-01-27,9970,07:00,2.01,1165.1,G,1,OGV3C08,VUC,3.54,1719.1999999999998,18.0,2300.0,641.31,05:59
1,2022-01-27,9188,11:15,1.53,554.1,G,1,OGV3C08,VUC,3.54,1719.1999999999998,18.0,2300.0,641.31,05:59
1,2022-01-27,0_CDRJ,15:19,0.0,0.0,G,1,OGV3C08,VUC,3.54,1719.1999999999998,18.0,2300.0,641.31,05:59
1,2022-01-28,5412,00:09,7.16,1491.9,G,2,OGV3C08,VUC,8.73,2148.1000000000004,18.0,2300.0,545.1134999999999,19:43
1,2022-01-28,0_CDRJ,03:35,0.0,0.0,G,2,OGV3C08,VUC,8.73,2148.1000000000004,18.0,2300.0,545.1134999999999,19:43
1,2022-01-27,9112,20:40,1.57,656.2,G,2,OGV3C08,VUC,8.73,2148.1000000000004,18.0,2300.0,545.1134999999999,19:43
